Run;Lane;Project;Sample;Barcode sequence;PF Clusters;% of the lane;% Perfect barcode;% One mismatch barcode;Yield (Mbases);% PF Clusters;% >= Q30 bases;Mean Quality Score
190613_E00426_0064_AHYKCHCCXY;1;Ribarska-DNAlibs-2019-04-01;33-NEB-100ng-1;TTACCGAC+CGTATTCG;62481090;14.14;93.41;6.59;18869;100;89.91;37.71
190613_E00426_0064_AHYKCHCCXY;1;Ribarska-DNAlibs-2019-04-01;34-NEB-100ng-2;TCGTCTGA+TCAAGGAC;49056457;11.1;92.99;7.01;14815;100;89.59;37.62
190613_E00426_0064_AHYKCHCCXY;1;Ribarska-DNAlibs-2019-04-01;35-NEB-100ng-3;TTCCAGGT+AAGCACTG;46768704;10.58;89.05;10.95;14124;100;89.63;37.63
190613_E00426_0064_AHYKCHCCXY;1;Ribarska-DNAlibs-2019-04-01;36-NEB-100ng-4;TACGGTCT+GCAATGGA;44842216;10.15;91.62;8.38;13542;100;89.84;37.69
190613_E00426_0064_AHYKCHCCXY;1;Ribarska-DNAlibs-2019-04-01;37-NEB-10ng-1;AAGACCGT+CAATCGAC;45548767;10.31;93.29;6.71;13756;100;88.74;37.39
190613_E00426_0064_AHYKCHCCXY;1;Ribarska-DNAlibs-2019-04-01;38-NEB-10ng-2;CAGGTTCA+GGCGTTAT;48592672;11;92.21;7.79;14675;100;88.95;37.45
190613_E00426_0064_AHYKCHCCXY;1;Ribarska-DNAlibs-2019-04-01;39-NEB-10ng-3;TAGGAGCT+GTTAAGGC;57119502;12.93;88.66;11.34;17250;100;88.86;37.42
190613_E00426_0064_AHYKCHCCXY;1;Ribarska-DNAlibs-2019-04-01;40-NEB-10ng-4;TACTCCAG+CCTATACC;51032293;11.55;93.84;6.16;15412;100;88.61;37.37
190613_E00426_0064_AHYKCHCCXY;1;default;Undetermined;unknown;36399726;8.24;100;NaN;10993;16.87;81.18;35.37
190613_E00426_0064_AHYKCHCCXY;2;Ribarska-DNAlibs-2019-04-01;33-NEB-100ng-1;TTACCGAC+CGTATTCG;61812287;14.17;93.15;6.85;18667;100;89.93;37.71
190613_E00426_0064_AHYKCHCCXY;2;Ribarska-DNAlibs-2019-04-01;34-NEB-100ng-2;TCGTCTGA+TCAAGGAC;48699062;11.16;92.75;7.25;14707;100;89.63;37.63
190613_E00426_0064_AHYKCHCCXY;2;Ribarska-DNAlibs-2019-04-01;35-NEB-100ng-3;TTCCAGGT+AAGCACTG;46373198;10.63;88.86;11.14;14005;100;89.68;37.64
190613_E00426_0064_AHYKCHCCXY;2;Ribarska-DNAlibs-2019-04-01;36-NEB-100ng-4;TACGGTCT+GCAATGGA;44458808;10.19;91.35;8.65;13427;100;89.88;37.69
190613_E00426_0064_AHYKCHCCXY;2;Ribarska-DNAlibs-2019-04-01;37-NEB-10ng-1;AAGACCGT+CAATCGAC;45135910;10.34;92.87;7.13;13631;100;88.79;37.39
190613_E00426_0064_AHYKCHCCXY;2;Ribarska-DNAlibs-2019-04-01;38-NEB-10ng-2;CAGGTTCA+GGCGTTAT;48051559;11.01;91.81;8.19;14512;100;88.99;37.45
190613_E00426_0064_AHYKCHCCXY;2;Ribarska-DNAlibs-2019-04-01;39-NEB-10ng-3;TAGGAGCT+GTTAAGGC;56618325;12.98;88.55;11.45;17099;100;88.89;37.42
190613_E00426_0064_AHYKCHCCXY;2;Ribarska-DNAlibs-2019-04-01;40-NEB-10ng-4;TACTCCAG+CCTATACC;50523278;11.58;93.55;6.45;15258;100;88.66;37.37
190613_E00426_0064_AHYKCHCCXY;2;default;Undetermined;unknown;34683609;7.95;100;NaN;10474;15.8;81.05;35.35
190613_E00426_0064_AHYKCHCCXY;3;Ribarska-DNAlibs-2019-04-01;33-NEB-100ng-1;TTACCGAC+CGTATTCG;63583479;14.2;93.58;6.42;19202;100;90.98;38.01
190613_E00426_0064_AHYKCHCCXY;3;Ribarska-DNAlibs-2019-04-01;34-NEB-100ng-2;TCGTCTGA+TCAAGGAC;49811733;11.13;93.31;6.69;15043;100;90.67;37.92
190613_E00426_0064_AHYKCHCCXY;3;Ribarska-DNAlibs-2019-04-01;35-NEB-100ng-3;TTCCAGGT+AAGCACTG;47501340;10.61;89.19;10.81;14345;100;90.67;37.92
190613_E00426_0064_AHYKCHCCXY;3;Ribarska-DNAlibs-2019-04-01;36-NEB-100ng-4;TACGGTCT+GCAATGGA;45590587;10.19;91.71;8.29;13768;100;90.93;37.99
190613_E00426_0064_AHYKCHCCXY;3;Ribarska-DNAlibs-2019-04-01;37-NEB-10ng-1;AAGACCGT+CAATCGAC;46413280;10.37;93.59;6.41;14017;100;89.76;37.67
190613_E00426_0064_AHYKCHCCXY;3;Ribarska-DNAlibs-2019-04-01;38-NEB-10ng-2;CAGGTTCA+GGCGTTAT;49761450;11.12;92.57;7.43;15028;100;89.92;37.72
190613_E00426_0064_AHYKCHCCXY;3;Ribarska-DNAlibs-2019-04-01;39-NEB-10ng-3;TAGGAGCT+GTTAAGGC;58371756;13.04;88.78;11.22;17628;100;89.88;37.7
190613_E00426_0064_AHYKCHCCXY;3;Ribarska-DNAlibs-2019-04-01;40-NEB-10ng-4;TACTCCAG+CCTATACC;52079851;11.63;93.86;6.14;15728;100;89.57;37.64
190613_E00426_0064_AHYKCHCCXY;3;default;Undetermined;unknown;34511328;7.71;100;NaN;10422;16.58;82.33;35.69
190613_E00426_0064_AHYKCHCCXY;4;Ribarska-DNAlibs-2019-04-01;33-NEB-100ng-1;TTACCGAC+CGTATTCG;63292860;14.31;94;6;19114;100;91.01;38.01
190613_E00426_0064_AHYKCHCCXY;4;Ribarska-DNAlibs-2019-04-01;34-NEB-100ng-2;TCGTCTGA+TCAAGGAC;49712584;11.24;93.66;6.34;15013;100;90.71;37.93
190613_E00426_0064_AHYKCHCCXY;4;Ribarska-DNAlibs-2019-04-01;35-NEB-100ng-3;TTCCAGGT+AAGCACTG;47263983;10.68;89.57;10.43;14274;100;90.76;37.94
190613_E00426_0064_AHYKCHCCXY;4;Ribarska-DNAlibs-2019-04-01;36-NEB-100ng-4;TACGGTCT+GCAATGGA;45454135;10.28;92.15;7.85;13727;100;90.99;38
190613_E00426_0064_AHYKCHCCXY;4;Ribarska-DNAlibs-2019-04-01;37-NEB-10ng-1;AAGACCGT+CAATCGAC;45920009;10.38;93.79;6.21;13868;100;89.87;37.69
190613_E00426_0064_AHYKCHCCXY;4;Ribarska-DNAlibs-2019-04-01;38-NEB-10ng-2;CAGGTTCA+GGCGTTAT;49103170;11.1;92.8;7.2;14829;100;90.07;37.75
190613_E00426_0064_AHYKCHCCXY;4;Ribarska-DNAlibs-2019-04-01;39-NEB-10ng-3;TAGGAGCT+GTTAAGGC;57623638;13.03;89.15;10.85;17402;100;90.01;37.73
190613_E00426_0064_AHYKCHCCXY;4;Ribarska-DNAlibs-2019-04-01;40-NEB-10ng-4;TACTCCAG+CCTATACC;51612451;11.67;94.39;5.61;15587;100;89.7;37.67
190613_E00426_0064_AHYKCHCCXY;4;default;Undetermined;unknown;32364915;7.32;100;NaN;9774;15.32;82.48;35.72
190613_E00426_0064_AHYKCHCCXY;5;Ribarska-DNAlibs-2019-04-01;17-Quanta-100ng-1;TAATACAG+GTGAATAT;35272937;7.68;95.19;4.81;10652;100;88.87;37.44
190613_E00426_0064_AHYKCHCCXY;5;Ribarska-DNAlibs-2019-04-01;18-Quanta-100ng-2;CGGCGTGA+ACAGGCGC;26314451;5.73;95.66;4.34;7947;100;88.66;37.37
190613_E00426_0064_AHYKCHCCXY;5;Ribarska-DNAlibs-2019-04-01;19-Quanta-100ng-3;ATGTAAGT+CATAGAGT;38643937;8.42;94.46;5.54;11670;100;87.97;37.2
190613_E00426_0064_AHYKCHCCXY;5;Ribarska-DNAlibs-2019-04-01;20-Quanta-100ng-4;GCACGGAC+TGCGAGAC;24471218;5.33;94.48;5.52;7390;100;88.66;37.37
190613_E00426_0064_AHYKCHCCXY;5;Ribarska-DNAlibs-2019-04-01;21-Quanta-10ng-1;GGTACCTT+GACGTCTT;84308754;18.36;95.29;4.71;25461;100;91.27;38.1
190613_E00426_0064_AHYKCHCCXY;5;Ribarska-DNAlibs-2019-04-01;22-Quanta-10ng-2;AACGTTCC+AGTACTCC;70012120;15.25;95.7;4.3;21144;100;91.68;38.21
190613_E00426_0064_AHYKCHCCXY;5;Ribarska-DNAlibs-2019-04-01;23-Quanta-10ng-3;GCAGAATT+TGGCCGGT;77685031;16.92;95.34;4.66;23461;100;91.6;38.18
190613_E00426_0064_AHYKCHCCXY;5;Ribarska-DNAlibs-2019-04-01;24-Quanta-10ng-4;ATGAGGCC+CAATTAAC;79889801;17.4;95.74;4.26;24127;100;91.32;38.1
190613_E00426_0064_AHYKCHCCXY;5;default;Undetermined;unknown;22575326;4.92;100;NaN;6818;12.23;79.82;35.02
190613_E00426_0064_AHYKCHCCXY;6;Ribarska-DNAlibs-2019-04-01;17-Quanta-100ng-1;TAATACAG+GTGAATAT;35007004;7.78;94.69;5.31;10572;100;88.38;37.29
190613_E00426_0064_AHYKCHCCXY;6;Ribarska-DNAlibs-2019-04-01;18-Quanta-100ng-2;CGGCGTGA+ACAGGCGC;26102191;5.8;95.28;4.72;7883;100;88.1;37.21
190613_E00426_0064_AHYKCHCCXY;6;Ribarska-DNAlibs-2019-04-01;19-Quanta-100ng-3;ATGTAAGT+CATAGAGT;38173881;8.48;94.08;5.92;11529;100;87.51;37.06
190613_E00426_0064_AHYKCHCCXY;6;Ribarska-DNAlibs-2019-04-01;20-Quanta-100ng-4;GCACGGAC+TGCGAGAC;24080687;5.35;94.16;5.84;7272;100;88.12;37.21
190613_E00426_0064_AHYKCHCCXY;6;Ribarska-DNAlibs-2019-04-01;21-Quanta-10ng-1;GGTACCTT+GACGTCTT;82203875;18.26;95.01;4.99;24826;100;90.73;37.94
190613_E00426_0064_AHYKCHCCXY;6;Ribarska-DNAlibs-2019-04-01;22-Quanta-10ng-2;AACGTTCC+AGTACTCC;68075076;15.12;95.4;4.6;20559;100;91.1;38.04
190613_E00426_0064_AHYKCHCCXY;6;Ribarska-DNAlibs-2019-04-01;23-Quanta-10ng-3;GCAGAATT+TGGCCGGT;76259714;16.94;95.05;4.95;23030;100;91.04;38.02
190613_E00426_0064_AHYKCHCCXY;6;Ribarska-DNAlibs-2019-04-01;24-Quanta-10ng-4;ATGAGGCC+CAATTAAC;77545839;17.23;95.23;4.77;23419;100;90.73;37.93
190613_E00426_0064_AHYKCHCCXY;6;default;Undetermined;unknown;22708223;5.04;100;NaN;6858;11.72;78.62;34.69
190613_E00426_0064_AHYKCHCCXY;7;Ribarska-DNAlibs-2019-04-01;17-Quanta-100ng-1;TAATACAG+GTGAATAT;35049100;7.51;95.17;4.83;10585;100;88.51;37.35
190613_E00426_0064_AHYKCHCCXY;7;Ribarska-DNAlibs-2019-04-01;18-Quanta-100ng-2;CGGCGTGA+ACAGGCGC;26112198;5.59;95.59;4.41;7886;100;88.35;37.29
190613_E00426_0064_AHYKCHCCXY;7;Ribarska-DNAlibs-2019-04-01;19-Quanta-100ng-3;ATGTAAGT+CATAGAGT;38667791;8.28;94.48;5.52;11678;100;87.6;37.1
190613_E00426_0064_AHYKCHCCXY;7;Ribarska-DNAlibs-2019-04-01;20-Quanta-100ng-4;GCACGGAC+TGCGAGAC;24480096;5.24;94.51;5.49;7393;100;88.32;37.28
190613_E00426_0064_AHYKCHCCXY;7;Ribarska-DNAlibs-2019-04-01;21-Quanta-10ng-1;GGTACCTT+GACGTCTT;86276650;18.48;95.2;4.8;26056;100;91.04;38.04
190613_E00426_0064_AHYKCHCCXY;7;Ribarska-DNAlibs-2019-04-01;22-Quanta-10ng-2;AACGTTCC+AGTACTCC;71587704;15.33;95.71;4.29;21619;100;91.43;38.14
190613_E00426_0064_AHYKCHCCXY;7;Ribarska-DNAlibs-2019-04-01;23-Quanta-10ng-3;GCAGAATT+TGGCCGGT;78686789;16.86;95.35;4.65;23763;100;91.37;38.12
190613_E00426_0064_AHYKCHCCXY;7;Ribarska-DNAlibs-2019-04-01;24-Quanta-10ng-4;ATGAGGCC+CAATTAAC;81549019;17.47;95.69;4.31;24628;100;91.08;38.05
190613_E00426_0064_AHYKCHCCXY;7;default;Undetermined;unknown;24421531;5.23;100;NaN;7375;13.66;80.06;35.09
190613_E00426_0064_AHYKCHCCXY;8;Ribarska-DNAlibs-2019-04-01;17-Quanta-100ng-1;TAATACAG+GTGAATAT;34303740;7.82;94.15;5.85;10360;100;87.59;37.08
190613_E00426_0064_AHYKCHCCXY;8;Ribarska-DNAlibs-2019-04-01;18-Quanta-100ng-2;CGGCGTGA+ACAGGCGC;25579054;5.83;94.85;5.15;7725;100;87.24;36.97
190613_E00426_0064_AHYKCHCCXY;8;Ribarska-DNAlibs-2019-04-01;19-Quanta-100ng-3;ATGTAAGT+CATAGAGT;37180544;8.47;93.48;6.52;11229;100;86.69;36.84
190613_E00426_0064_AHYKCHCCXY;8;Ribarska-DNAlibs-2019-04-01;20-Quanta-100ng-4;GCACGGAC+TGCGAGAC;23409807;5.34;93.41;6.59;7070;100;87.26;36.98
190613_E00426_0064_AHYKCHCCXY;8;Ribarska-DNAlibs-2019-04-01;21-Quanta-10ng-1;GGTACCTT+GACGTCTT;79912882;18.21;94.56;5.44;24134;100;89.87;37.69
190613_E00426_0064_AHYKCHCCXY;8;Ribarska-DNAlibs-2019-04-01;22-Quanta-10ng-2;AACGTTCC+AGTACTCC;66256177;15.1;95.3;4.7;20009;100;90.24;37.79
190613_E00426_0064_AHYKCHCCXY;8;Ribarska-DNAlibs-2019-04-01;23-Quanta-10ng-3;GCAGAATT+TGGCCGGT;74400978;16.96;94.62;5.38;22469;100;90.16;37.77
190613_E00426_0064_AHYKCHCCXY;8;Ribarska-DNAlibs-2019-04-01;24-Quanta-10ng-4;ATGAGGCC+CAATTAAC;75252034;17.15;94.97;5.03;22726;100;89.84;37.68
190613_E00426_0064_AHYKCHCCXY;8;default;Undetermined;unknown;22426585;5.11;100;NaN;6773;10.94;74.44;33.61
190606_E00426_0063_AHYK7TCCXY;1;Ribarska-DNAlibs-2019-04-01;25-Nextera-100ng-1;TCTGGTAT+GTAAGCAA;46816322;12.51;95.84;4.16;14139;100;85.79;36.5
190606_E00426_0063_AHYK7TCCXY;1;Ribarska-DNAlibs-2019-04-01;26-Nextera-100ng-2;CATTAGTG+TATGTAGT;41837500;11.18;92.55;7.45;12635;100;86;36.58
190606_E00426_0063_AHYK7TCCXY;1;Ribarska-DNAlibs-2019-04-01;27-Nextera-100ng-3;ACGGTCAG+AACGAGGC;36267455;9.69;95.18;4.82;10953;100;85.09;36.33
190606_E00426_0063_AHYK7TCCXY;1;Ribarska-DNAlibs-2019-04-01;28-Nextera-100ng-4;GGCAAGCC+CGGATGCT;43207296;11.54;93.39;6.61;13049;100;84.36;36.12
190606_E00426_0063_AHYK7TCCXY;1;Ribarska-DNAlibs-2019-04-01;29-Nextera-10ng-1;CCTGCGGA+AGCCTATG;55521900;14.83;95.58;4.42;16768;100;86.84;36.79
190606_E00426_0063_AHYK7TCCXY;1;Ribarska-DNAlibs-2019-04-01;30-Nextera-10ng-2;TTCATAAG+CCTTCTAA;48886716;13.06;95.74;4.26;14764;100;87.14;36.89
190606_E00426_0063_AHYK7TCCXY;1;Ribarska-DNAlibs-2019-04-01;31-Nextera-10ng-3;CTCTGCAG+TACATCCA;42621073;11.39;94.8;5.2;12872;100;86.45;36.69
190606_E00426_0063_AHYK7TCCXY;1;Ribarska-DNAlibs-2019-04-01;32-Nextera-10ng-4;CTGACTCT+TGACGGCC;46342402;12.38;96.01;3.99;13995;100;87.42;36.94
190606_E00426_0063_AHYK7TCCXY;1;default;Undetermined;unknown;12856257;3.43;100;NaN;3883;4.95;72.15;32.94
190606_E00426_0063_AHYK7TCCXY;2;Ribarska-DNAlibs-2019-04-01;25-Nextera-100ng-1;TCTGGTAT+GTAAGCAA;47451004;12.53;96.29;3.71;14330;100;85.88;36.53
190606_E00426_0063_AHYK7TCCXY;2;Ribarska-DNAlibs-2019-04-01;26-Nextera-100ng-2;CATTAGTG+TATGTAGT;42795518;11.3;92.96;7.04;12924;100;86.13;36.62
190606_E00426_0063_AHYK7TCCXY;2;Ribarska-DNAlibs-2019-04-01;27-Nextera-100ng-3;ACGGTCAG+AACGAGGC;36819085;9.72;95.71;4.29;11119;100;85.29;36.38
190606_E00426_0063_AHYK7TCCXY;2;Ribarska-DNAlibs-2019-04-01;28-Nextera-100ng-4;GGCAAGCC+CGGATGCT;44146139;11.66;93.73;6.27;13332;100;84.58;36.18
190606_E00426_0063_AHYK7TCCXY;2;Ribarska-DNAlibs-2019-04-01;29-Nextera-10ng-1;CCTGCGGA+AGCCTATG;56103558;14.82;96;4;16943;100;87;36.84
190606_E00426_0063_AHYK7TCCXY;2;Ribarska-DNAlibs-2019-04-01;30-Nextera-10ng-2;TTCATAAG+CCTTCTAA;48805017;12.89;96.31;3.69;14739;100;87.32;36.94
190606_E00426_0063_AHYK7TCCXY;2;Ribarska-DNAlibs-2019-04-01;31-Nextera-10ng-3;CTCTGCAG+TACATCCA;42800647;11.3;95.35;4.65;12926;100;86.69;36.76
190606_E00426_0063_AHYK7TCCXY;2;Ribarska-DNAlibs-2019-04-01;32-Nextera-10ng-4;CTGACTCT+TGACGGCC;46257888;12.22;96.35;3.65;13970;100;87.56;36.98
190606_E00426_0063_AHYK7TCCXY;2;default;Undetermined;unknown;13467066;3.56;100;NaN;4067;5.26;71;32.66
190606_E00426_0063_AHYK7TCCXY;3;Ribarska-DNAlibs-2019-04-01;25-Nextera-100ng-1;TCTGGTAT+GTAAGCAA;47306628;12.44;95.43;4.57;14287;100;86.34;36.66
190606_E00426_0063_AHYK7TCCXY;3;Ribarska-DNAlibs-2019-04-01;26-Nextera-100ng-2;CATTAGTG+TATGTAGT;42844175;11.26;91.93;8.07;12939;100;86.53;36.73
190606_E00426_0063_AHYK7TCCXY;3;Ribarska-DNAlibs-2019-04-01;27-Nextera-100ng-3;ACGGTCAG+AACGAGGC;36970518;9.72;94.73;5.27;11165;100;85.69;36.5
190606_E00426_0063_AHYK7TCCXY;3;Ribarska-DNAlibs-2019-04-01;28-Nextera-100ng-4;GGCAAGCC+CGGATGCT;44295376;11.65;92.73;7.27;13377;100;84.99;36.3
190606_E00426_0063_AHYK7TCCXY;3;Ribarska-DNAlibs-2019-04-01;29-Nextera-10ng-1;CCTGCGGA+AGCCTATG;56368136;14.82;94.98;5.02;17023;100;87.45;36.97
190606_E00426_0063_AHYK7TCCXY;3;Ribarska-DNAlibs-2019-04-01;30-Nextera-10ng-2;TTCATAAG+CCTTCTAA;49146021;12.92;95.38;4.62;14842;100;87.73;37.06
190606_E00426_0063_AHYK7TCCXY;3;Ribarska-DNAlibs-2019-04-01;31-Nextera-10ng-3;CTCTGCAG+TACATCCA;43201831;11.36;94.47;5.53;13047;100;87.09;36.87
190606_E00426_0063_AHYK7TCCXY;3;Ribarska-DNAlibs-2019-04-01;32-Nextera-10ng-4;CTGACTCT+TGACGGCC;46482803;12.22;95.34;4.66;14038;100;88.03;37.12
190606_E00426_0063_AHYK7TCCXY;3;default;Undetermined;unknown;13736951;3.61;100;NaN;4149;5.4;72.89;33.16
190606_E00426_0063_AHYK7TCCXY;4;Ribarska-DNAlibs-2019-04-01;25-Nextera-100ng-1;TCTGGTAT+GTAAGCAA;51225309;13.24;97.25;2.75;15470;100;84.23;36.07
190606_E00426_0063_AHYK7TCCXY;4;Ribarska-DNAlibs-2019-04-01;26-Nextera-100ng-2;CATTAGTG+TATGTAGT;45618176;11.79;94.26;5.74;13777;100;84.65;36.19
190606_E00426_0063_AHYK7TCCXY;4;Ribarska-DNAlibs-2019-04-01;27-Nextera-100ng-3;ACGGTCAG+AACGAGGC;38524244;9.96;96.7;3.3;11634;100;83.64;35.92
190606_E00426_0063_AHYK7TCCXY;4;Ribarska-DNAlibs-2019-04-01;28-Nextera-100ng-4;GGCAAGCC+CGGATGCT;46131973;11.92;95.19;4.81;13932;100;82.67;35.64
190606_E00426_0063_AHYK7TCCXY;4;Ribarska-DNAlibs-2019-04-01;29-Nextera-10ng-1;CCTGCGGA+AGCCTATG;56625634;14.63;96.66;3.34;17101;100;85.44;36.39
190606_E00426_0063_AHYK7TCCXY;4;Ribarska-DNAlibs-2019-04-01;30-Nextera-10ng-2;TTCATAAG+CCTTCTAA;48558445;12.55;97.06;2.94;14665;100;86.07;36.58
190606_E00426_0063_AHYK7TCCXY;4;Ribarska-DNAlibs-2019-04-01;31-Nextera-10ng-3;CTCTGCAG+TACATCCA;42259138;10.92;95.74;4.26;12762;100;85.13;36.31
190606_E00426_0063_AHYK7TCCXY;4;Ribarska-DNAlibs-2019-04-01;32-Nextera-10ng-4;CTGACTCT+TGACGGCC;47031308;12.15;97.23;2.77;14203;100;86.38;36.64
190606_E00426_0063_AHYK7TCCXY;4;default;Undetermined;unknown;10961231;2.83;100;NaN;3310;4.47;75.23;33.73
190606_E00426_0063_AHYK7TCCXY;5;Ribarska-DNAlibs-2019-04-01;10-Kapa-100ng-2;GACCTGAA+CTCACCAA;25801617;6.39;96.41;3.59;7792;100;89.49;37.56
190606_E00426_0063_AHYK7TCCXY;5;Ribarska-DNAlibs-2019-04-01;11-Kapa-100ng-3;TCTCTACT+GAACCGCG;28058818;6.94;96.3;3.7;8474;100;88.93;37.4
190606_E00426_0063_AHYK7TCCXY;5;Ribarska-DNAlibs-2019-04-01;12-Kapa-100ng-4;CTCTCGTC+AGGTTATA;34703918;8.59;95.56;4.44;10481;100;90.03;37.71
190606_E00426_0063_AHYK7TCCXY;5;Ribarska-DNAlibs-2019-04-01;13-Kapa-10ng-1;CCAAGTCT+TCATCCTT;78043850;19.31;96.22;3.78;23569;100;86.69;36.82
190606_E00426_0063_AHYK7TCCXY;5;Ribarska-DNAlibs-2019-04-01;14-Kapa-10ng-2;TTGGACTC+CTGCTTCC;74480020;18.43;96.28;3.72;22493;100;87.92;37.14
190606_E00426_0063_AHYK7TCCXY;5;Ribarska-DNAlibs-2019-04-01;15-Kapa-10ng-3;GGCTTAAG+GGTCACGA;50399419;12.47;96.47;3.53;15221;100;83.9;36.08
190606_E00426_0063_AHYK7TCCXY;5;Ribarska-DNAlibs-2019-04-01;16-Kapa-10ng-4;AATCCGGA+AACTGTAG;65261697;16.15;96.02;3.98;19709;100;86.27;36.7
190606_E00426_0063_AHYK7TCCXY;5;Ribarska-DNAlibs-2019-04-01;9-Kapa-100ng-1;AGTTCAGG+TCTGTTGG;31110217;7.7;95.38;4.62;9395;100;89.57;37.57
190606_E00426_0063_AHYK7TCCXY;5;default;Undetermined;unknown;16210760;4.01;100;NaN;4896;6.95;75.11;33.74
190606_E00426_0063_AHYK7TCCXY;6;Ribarska-DNAlibs-2019-04-01;10-Kapa-100ng-2;GACCTGAA+CTCACCAA;25207432;6.22;95.19;4.81;7613;100;88.43;37.28
190606_E00426_0063_AHYK7TCCXY;6;Ribarska-DNAlibs-2019-04-01;11-Kapa-100ng-3;TCTCTACT+GAACCGCG;27342453;6.75;94.8;5.2;8257;100;87.91;37.14
190606_E00426_0063_AHYK7TCCXY;6;Ribarska-DNAlibs-2019-04-01;12-Kapa-100ng-4;CTCTCGTC+AGGTTATA;33879801;8.37;93.98;6.02;10232;100;88.97;37.43
190606_E00426_0063_AHYK7TCCXY;6;Ribarska-DNAlibs-2019-04-01;13-Kapa-10ng-1;CCAAGTCT+TCATCCTT;78509844;19.39;95.05;4.95;23710;100;85.55;36.53
190606_E00426_0063_AHYK7TCCXY;6;Ribarska-DNAlibs-2019-04-01;14-Kapa-10ng-2;TTGGACTC+CTGCTTCC;74447719;18.38;95.33;4.67;22483;100;86.81;36.86
190606_E00426_0063_AHYK7TCCXY;6;Ribarska-DNAlibs-2019-04-01;15-Kapa-10ng-3;GGCTTAAG+GGTCACGA;50695810;12.52;95.19;4.81;15310;100;82.63;35.76
190606_E00426_0063_AHYK7TCCXY;6;Ribarska-DNAlibs-2019-04-01;16-Kapa-10ng-4;AATCCGGA+AACTGTAG;65746273;16.24;94.72;5.28;19855;100;85.3;36.45
190606_E00426_0063_AHYK7TCCXY;6;Ribarska-DNAlibs-2019-04-01;9-Kapa-100ng-1;AGTTCAGG+TCTGTTGG;30584790;7.55;93.95;6.05;9237;100;88.62;37.33
190606_E00426_0063_AHYK7TCCXY;6;default;Undetermined;unknown;18538019;4.58;100;NaN;5598;7.9;71.49;32.8
190606_E00426_0063_AHYK7TCCXY;7;Ribarska-DNAlibs-2019-04-01;10-Kapa-100ng-2;GACCTGAA+CTCACCAA;24466845;6.17;94.65;5.35;7389;100;87.23;36.96
190606_E00426_0063_AHYK7TCCXY;7;Ribarska-DNAlibs-2019-04-01;11-Kapa-100ng-3;TCTCTACT+GAACCGCG;26530276;6.69;94.27;5.73;8012;100;86.74;36.82
190606_E00426_0063_AHYK7TCCXY;7;Ribarska-DNAlibs-2019-04-01;12-Kapa-100ng-4;CTCTCGTC+AGGTTATA;32891800;8.3;93.53;6.47;9933;100;87.79;37.11
190606_E00426_0063_AHYK7TCCXY;7;Ribarska-DNAlibs-2019-04-01;13-Kapa-10ng-1;CCAAGTCT+TCATCCTT;76468094;19.29;94.59;5.41;23093;100;84.45;36.23
190606_E00426_0063_AHYK7TCCXY;7;Ribarska-DNAlibs-2019-04-01;14-Kapa-10ng-2;TTGGACTC+CTGCTTCC;72432873;18.28;94.75;5.25;21875;100;85.67;36.54
190606_E00426_0063_AHYK7TCCXY;7;Ribarska-DNAlibs-2019-04-01;15-Kapa-10ng-3;GGCTTAAG+GGTCACGA;49349587;12.45;94.66;5.34;14904;100;81.53;35.45
190606_E00426_0063_AHYK7TCCXY;7;Ribarska-DNAlibs-2019-04-01;16-Kapa-10ng-4;AATCCGGA+AACTGTAG;64055365;16.16;94.33;5.67;19345;100;84.13;36.13
190606_E00426_0063_AHYK7TCCXY;7;Ribarska-DNAlibs-2019-04-01;9-Kapa-100ng-1;AGTTCAGG+TCTGTTGG;29716178;7.5;93.35;6.65;8974;100;87.43;37.01
190606_E00426_0063_AHYK7TCCXY;7;default;Undetermined;unknown;20410569;5.15;100;NaN;6164;8.32;67.34;31.74
190606_E00426_0063_AHYK7TCCXY;8;Ribarska-DNAlibs-2019-04-01;10-Kapa-100ng-2;GACCTGAA+CTCACCAA;24319484;6.23;94.86;5.14;7344;100;88.09;37.18
190606_E00426_0063_AHYK7TCCXY;8;Ribarska-DNAlibs-2019-04-01;11-Kapa-100ng-3;TCTCTACT+GAACCGCG;26361730;6.75;94.44;5.56;7961;100;87.54;37.03
190606_E00426_0063_AHYK7TCCXY;8;Ribarska-DNAlibs-2019-04-01;12-Kapa-100ng-4;CTCTCGTC+AGGTTATA;32627300;8.36;93.75;6.25;9853;100;88.63;37.33
190606_E00426_0063_AHYK7TCCXY;8;Ribarska-DNAlibs-2019-04-01;13-Kapa-10ng-1;CCAAGTCT+TCATCCTT;75575070;19.36;94.78;5.22;22824;100;85.24;36.44
190606_E00426_0063_AHYK7TCCXY;8;Ribarska-DNAlibs-2019-04-01;14-Kapa-10ng-2;TTGGACTC+CTGCTTCC;71472148;18.31;94.9;5.1;21585;100;86.52;36.77
190606_E00426_0063_AHYK7TCCXY;8;Ribarska-DNAlibs-2019-04-01;15-Kapa-10ng-3;GGCTTAAG+GGTCACGA;48666323;12.47;94.75;5.25;14697;100;82.36;35.67
190606_E00426_0063_AHYK7TCCXY;8;Ribarska-DNAlibs-2019-04-01;16-Kapa-10ng-4;AATCCGGA+AACTGTAG;63225723;16.2;94.49;5.51;19094;100;84.91;36.34
190606_E00426_0063_AHYK7TCCXY;8;Ribarska-DNAlibs-2019-04-01;9-Kapa-100ng-1;AGTTCAGG+TCTGTTGG;29502068;7.56;93.6;6.4;8910;100;88.32;37.24
190606_E00426_0063_AHYK7TCCXY;8;default;Undetermined;unknown;18556865;4.75;100;NaN;5604;7.44;70.79;32.59
190626_E00396_0021_BHYNTHCCXY;5;Ribarska-DNAlibs-2019-04-01;1-Swift2S-100ng-1;CCGCGGTT+CTAGCGCT;56004333;13.13;95.42;4.58;16913;100;89.31;37.52
190626_E00396_0021_BHYNTHCCXY;5;Ribarska-DNAlibs-2019-04-01;2-Swift2S-100ng-2;TTATAACC+TCGATATC;42285519;9.92;96.16;3.84;12770;100;85.46;36.5
190626_E00396_0021_BHYNTHCCXY;5;Ribarska-DNAlibs-2019-04-01;3-Swift2S-100ng-3;GGACTTGG+CGTCTGCG;40186078;9.42;95.67;4.33;12136;100;89.56;37.58
190626_E00396_0021_BHYNTHCCXY;5;Ribarska-DNAlibs-2019-04-01;4-Swift2S-100ng-4;AAGTCCAA+TACTCATA;52765214;12.37;95.96;4.04;15935;100;90.54;37.87
190626_E00396_0021_BHYNTHCCXY;5;Ribarska-DNAlibs-2019-04-01;5-Swift2S-10ng-1;ATCCACTG+ACGCACCT;48679800;11.42;95.69;4.31;14701;100;87.11;36.91
190626_E00396_0021_BHYNTHCCXY;5;Ribarska-DNAlibs-2019-04-01;6-Swift2S-10ng-2;GCTTGTCA+GTATGTTC;51184984;12;95.1;4.9;15458;100;87.26;36.95
190626_E00396_0021_BHYNTHCCXY;5;Ribarska-DNAlibs-2019-04-01;7-Swift2S-10ng-3;CAAGCTAG+CGCTATGT;59482133;13.95;95.04;4.96;17964;100;87.06;36.89
190626_E00396_0021_BHYNTHCCXY;5;Ribarska-DNAlibs-2019-04-01;8-Swift2S-10ng-4;TGGATCGA+TATCGCAC;57683918;13.53;95.37;4.63;17421;100;86.76;36.81
190626_E00396_0021_BHYNTHCCXY;5;default;Undetermined;unknown;18166385;4.26;100;NaN;5486;8.53;79.6;34.94
190626_E00396_0021_BHYNTHCCXY;6;Ribarska-DNAlibs-2019-04-01;1-Swift2S-100ng-1;CCGCGGTT+CTAGCGCT;56556213;13.5;95.48;4.52;17080;100;88.78;37.37
190626_E00396_0021_BHYNTHCCXY;6;Ribarska-DNAlibs-2019-04-01;2-Swift2S-100ng-2;TTATAACC+TCGATATC;42661919;10.18;96.27;3.73;12884;100;85.1;36.4
190626_E00396_0021_BHYNTHCCXY;6;Ribarska-DNAlibs-2019-04-01;3-Swift2S-100ng-3;GGACTTGG+CGTCTGCG;40685342;9.71;95.79;4.21;12287;100;89.02;37.43
190626_E00396_0021_BHYNTHCCXY;6;Ribarska-DNAlibs-2019-04-01;4-Swift2S-100ng-4;AAGTCCAA+TACTCATA;53640073;12.8;96.07;3.93;16199;100;90.03;37.73
190626_E00396_0021_BHYNTHCCXY;6;Ribarska-DNAlibs-2019-04-01;5-Swift2S-10ng-1;ATCCACTG+ACGCACCT;46534099;11.1;95.71;4.29;14053;100;86.5;36.74
190626_E00396_0021_BHYNTHCCXY;6;Ribarska-DNAlibs-2019-04-01;6-Swift2S-10ng-2;GCTTGTCA+GTATGTTC;48962227;11.68;95.1;4.9;14787;100;86.65;36.79
190626_E00396_0021_BHYNTHCCXY;6;Ribarska-DNAlibs-2019-04-01;7-Swift2S-10ng-3;CAAGCTAG+CGCTATGT;56693629;13.53;95.15;4.85;17121;100;86.47;36.74
190626_E00396_0021_BHYNTHCCXY;6;Ribarska-DNAlibs-2019-04-01;8-Swift2S-10ng-4;TGGATCGA+TATCGCAC;54975138;13.12;95.46;4.54;16602;100;86.14;36.64
190626_E00396_0021_BHYNTHCCXY;6;default;Undetermined;unknown;18343113;4.38;100;NaN;5540;8.32;77.28;34.32
190626_E00396_0021_BHYNTHCCXY;7;Ribarska-DNAlibs-2019-04-01;1-Swift2S-100ng-1;CCGCGGTT+CTAGCGCT;55783639;13.12;95.67;4.33;16847;100;88.53;37.31
190626_E00396_0021_BHYNTHCCXY;7;Ribarska-DNAlibs-2019-04-01;2-Swift2S-100ng-2;TTATAACC+TCGATATC;42057726;9.89;96.4;3.6;12701;100;84.73;36.3
190626_E00396_0021_BHYNTHCCXY;7;Ribarska-DNAlibs-2019-04-01;3-Swift2S-100ng-3;GGACTTGG+CGTCTGCG;39823754;9.36;95.89;4.11;12027;100;88.77;37.37
190626_E00396_0021_BHYNTHCCXY;7;Ribarska-DNAlibs-2019-04-01;4-Swift2S-100ng-4;AAGTCCAA+TACTCATA;52569441;12.36;96.15;3.85;15876;100;89.79;37.67
190626_E00396_0021_BHYNTHCCXY;7;Ribarska-DNAlibs-2019-04-01;5-Swift2S-10ng-1;ATCCACTG+ACGCACCT;48519039;11.41;95.87;4.13;14653;100;86.23;36.68
190626_E00396_0021_BHYNTHCCXY;7;Ribarska-DNAlibs-2019-04-01;6-Swift2S-10ng-2;GCTTGTCA+GTATGTTC;51021990;12;95.27;4.73;15409;100;86.41;36.72
190626_E00396_0021_BHYNTHCCXY;7;Ribarska-DNAlibs-2019-04-01;7-Swift2S-10ng-3;CAAGCTAG+CGCTATGT;59123889;13.9;95.15;4.85;17855;100;86.23;36.67
190626_E00396_0021_BHYNTHCCXY;7;Ribarska-DNAlibs-2019-04-01;8-Swift2S-10ng-4;TGGATCGA+TATCGCAC;57372412;13.49;95.69;4.31;17326;100;85.87;36.57
190626_E00396_0021_BHYNTHCCXY;7;default;Undetermined;unknown;18991680;4.47;100;NaN;5735;8.84;76.19;34.05
190626_E00396_0021_BHYNTHCCXY;8;Ribarska-DNAlibs-2019-04-01;1-Swift2S-100ng-1;CCGCGGTT+CTAGCGCT;55927755;13.93;95.03;4.97;16890;100;87.33;36.97
190626_E00396_0021_BHYNTHCCXY;8;Ribarska-DNAlibs-2019-04-01;2-Swift2S-100ng-2;TTATAACC+TCGATATC;41890051;10.43;95.66;4.34;12651;100;83.85;36.05
190626_E00396_0021_BHYNTHCCXY;8;Ribarska-DNAlibs-2019-04-01;3-Swift2S-100ng-3;GGACTTGG+CGTCTGCG;39950264;9.95;95.32;4.68;12065;100;87.53;37.02
190626_E00396_0021_BHYNTHCCXY;8;Ribarska-DNAlibs-2019-04-01;4-Swift2S-100ng-4;AAGTCCAA+TACTCATA;53138532;13.23;95.47;4.53;16048;100;88.68;37.35
190626_E00396_0021_BHYNTHCCXY;8;Ribarska-DNAlibs-2019-04-01;5-Swift2S-10ng-1;ATCCACTG+ACGCACCT;43291938;10.78;95.01;4.99;13074;100;84.79;36.28
190626_E00396_0021_BHYNTHCCXY;8;Ribarska-DNAlibs-2019-04-01;6-Swift2S-10ng-2;GCTTGTCA+GTATGTTC;45460114;11.32;94.35;5.65;13729;100;84.88;36.31
190626_E00396_0021_BHYNTHCCXY;8;Ribarska-DNAlibs-2019-04-01;7-Swift2S-10ng-3;CAAGCTAG+CGCTATGT;52352349;13.04;94.16;5.84;15810;100;84.8;36.28
190626_E00396_0021_BHYNTHCCXY;8;Ribarska-DNAlibs-2019-04-01;8-Swift2S-10ng-4;TGGATCGA+TATCGCAC;50957398;12.69;94.74;5.26;15389;100;84.36;36.16
190626_E00396_0021_BHYNTHCCXY;8;default;Undetermined;unknown;18645971;4.64;100;NaN;5631;7.83;75.66;33.88
191203_J00146_0133_AHFV2HBBXY;5;Ribarska-SwiftLibs2-2019-11-22;1-Swiftlong-10ng-1;CCGCGGTT+CTAGCGCT;48982907;16.87;95.31;4.69;14793;100;77.73;34.34
191203_J00146_0133_AHFV2HBBXY;5;Ribarska-SwiftLibs2-2019-11-22;2-Swiftlong-10ng-2;TTATAACC+TCGATATC;53031603;18.26;96.6;3.4;16016;100;74.06;33.37
191203_J00146_0133_AHFV2HBBXY;5;Ribarska-SwiftLibs2-2019-11-22;3-Swiftlong-10ng-3;GGACTTGG+CGTCTGCG;44175740;15.21;96.08;3.92;13341;100;75.48;33.73
191203_J00146_0133_AHFV2HBBXY;5;Ribarska-SwiftLibs2-2019-11-22;4-Swiftlong-10ng-4;AAGTCCAA+TACTCATA;54996988;18.94;96.27;3.73;16609;100;77.52;34.29
191203_J00146_0133_AHFV2HBBXY;5;Ribarska-SwiftLibs2-2019-11-22;5-Swiftlong-100ng-1;ATCCACTG+ACGCACCT;22653870;7.8;96.48;3.52;6841;100;75.38;33.71
191203_J00146_0133_AHFV2HBBXY;5;Ribarska-SwiftLibs2-2019-11-22;6-Swiftlong-100ng-2;GCTTGTCA+GTATGTTC;16990157;5.85;95.65;4.35;5131;100;77.41;34.26
191203_J00146_0133_AHFV2HBBXY;5;Ribarska-SwiftLibs2-2019-11-22;7-Swiftlong-100ng-3;CAAGCTAG+CGCTATGT;15228108;5.24;95.42;4.58;4599;100;75.9;33.85
191203_J00146_0133_AHFV2HBBXY;5;Ribarska-SwiftLibs2-2019-11-22;8-Swiftlong-100ng-4;TGGATCGA+TATCGCAC;21504791;7.41;95.92;4.08;6494;100;72.28;32.9
191203_J00146_0133_AHFV2HBBXY;5;default;Undetermined;unknown;12812160;4.41;100;NaN;3869;6.24;73.97;33.41
191203_J00146_0133_AHFV2HBBXY;6;Ribarska-SwiftLibs2-2019-11-22;1-Swiftlong-10ng-1;CCGCGGTT+CTAGCGCT;49197286;16.83;94.49;5.51;14858;100;77.97;34.42
191203_J00146_0133_AHFV2HBBXY;6;Ribarska-SwiftLibs2-2019-11-22;2-Swiftlong-10ng-2;TTATAACC+TCGATATC;53327973;18.25;95.85;4.15;16105;100;74.04;33.39
191203_J00146_0133_AHFV2HBBXY;6;Ribarska-SwiftLibs2-2019-11-22;3-Swiftlong-10ng-3;GGACTTGG+CGTCTGCG;44535985;15.24;95.4;4.6;13450;100;75.71;33.81
191203_J00146_0133_AHFV2HBBXY;6;Ribarska-SwiftLibs2-2019-11-22;4-Swiftlong-10ng-4;AAGTCCAA+TACTCATA;55369773;18.95;95.61;4.39;16722;100;77.76;34.37
191203_J00146_0133_AHFV2HBBXY;6;Ribarska-SwiftLibs2-2019-11-22;5-Swiftlong-100ng-1;ATCCACTG+ACGCACCT;22874106;7.83;95.82;4.18;6908;100;75.57;33.78
191203_J00146_0133_AHFV2HBBXY;6;Ribarska-SwiftLibs2-2019-11-22;6-Swiftlong-100ng-2;GCTTGTCA+GTATGTTC;17197286;5.88;95.28;4.72;5194;100;77.64;34.34
191203_J00146_0133_AHFV2HBBXY;6;Ribarska-SwiftLibs2-2019-11-22;7-Swiftlong-100ng-3;CAAGCTAG+CGCTATGT;15390851;5.27;94.82;5.18;4648;100;76.1;33.93
191203_J00146_0133_AHFV2HBBXY;6;Ribarska-SwiftLibs2-2019-11-22;8-Swiftlong-100ng-4;TGGATCGA+TATCGCAC;21701008;7.43;95.51;4.49;6554;100;72.5;32.98
191203_J00146_0133_AHFV2HBBXY;6;default;Undetermined;unknown;12652382;4.33;100;NaN;3821;6.22;73.96;33.43
191203_J00146_0133_AHFV2HBBXY;7;Ribarska-SwiftLibs2-2019-11-22;1-Swiftlong-10ng-1;CCGCGGTT+CTAGCGCT;50248143;17;94.81;5.19;15175;100;77.85;34.4
191203_J00146_0133_AHFV2HBBXY;7;Ribarska-SwiftLibs2-2019-11-22;2-Swiftlong-10ng-2;TTATAACC+TCGATATC;54454907;18.43;96.05;3.95;16445;100;73.44;33.24
191203_J00146_0133_AHFV2HBBXY;7;Ribarska-SwiftLibs2-2019-11-22;3-Swiftlong-10ng-3;GGACTTGG+CGTCTGCG;44938609;15.21;95.61;4.39;13571;100;75.59;33.79
191203_J00146_0133_AHFV2HBBXY;7;Ribarska-SwiftLibs2-2019-11-22;4-Swiftlong-10ng-4;AAGTCCAA+TACTCATA;56521435;19.12;95.81;4.19;17069;100;77.65;34.35
191203_J00146_0133_AHFV2HBBXY;7;Ribarska-SwiftLibs2-2019-11-22;5-Swiftlong-100ng-1;ATCCACTG+ACGCACCT;22595939;7.65;95.92;4.08;6824;100;75.39;33.75
191203_J00146_0133_AHFV2HBBXY;7;Ribarska-SwiftLibs2-2019-11-22;6-Swiftlong-100ng-2;GCTTGTCA+GTATGTTC;16773839;5.68;95.36;4.64;5066;100;77.63;34.35
191203_J00146_0133_AHFV2HBBXY;7;Ribarska-SwiftLibs2-2019-11-22;7-Swiftlong-100ng-3;CAAGCTAG+CGCTATGT;14948128;5.06;94.79;5.21;4514;100;76.05;33.93
191203_J00146_0133_AHFV2HBBXY;7;Ribarska-SwiftLibs2-2019-11-22;8-Swiftlong-100ng-4;TGGATCGA+TATCGCAC;21336624;7.22;95.49;4.51;6444;100;72.36;32.96
191203_J00146_0133_AHFV2HBBXY;7;default;Undetermined;unknown;13724896;4.64;100;NaN;4145;6.82;73.76;33.4
191203_J00146_0133_AHFV2HBBXY;8;Ribarska-SwiftLibs2-2019-11-22;1-Swiftlong-10ng-1;CCGCGGTT+CTAGCGCT;47973498;16.93;93.66;6.34;14488;100;77.89;34.41
191203_J00146_0133_AHFV2HBBXY;8;Ribarska-SwiftLibs2-2019-11-22;2-Swiftlong-10ng-2;TTATAACC+TCGATATC;51807558;18.28;95.16;4.84;15646;100;73.6;33.28
191203_J00146_0133_AHFV2HBBXY;8;Ribarska-SwiftLibs2-2019-11-22;3-Swiftlong-10ng-3;GGACTTGG+CGTCTGCG;43223076;15.25;95.03;4.97;13053;100;75.63;33.8
191203_J00146_0133_AHFV2HBBXY;8;Ribarska-SwiftLibs2-2019-11-22;4-Swiftlong-10ng-4;AAGTCCAA+TACTCATA;53695303;18.95;94.7;5.3;16216;100;77.64;34.35
191203_J00146_0133_AHFV2HBBXY;8;Ribarska-SwiftLibs2-2019-11-22;5-Swiftlong-100ng-1;ATCCACTG+ACGCACCT;21940094;7.74;94.91;5.09;6626;100;75.49;33.77
191203_J00146_0133_AHFV2HBBXY;8;Ribarska-SwiftLibs2-2019-11-22;6-Swiftlong-100ng-2;GCTTGTCA+GTATGTTC;16466766;5.81;94.31;5.69;4973;100;77.45;34.3
191203_J00146_0133_AHFV2HBBXY;8;Ribarska-SwiftLibs2-2019-11-22;7-Swiftlong-100ng-3;CAAGCTAG+CGCTATGT;14732991;5.2;93.75;6.25;4449;100;75.99;33.91
191203_J00146_0133_AHFV2HBBXY;8;Ribarska-SwiftLibs2-2019-11-22;8-Swiftlong-100ng-4;TGGATCGA+TATCGCAC;20739597;7.32;94.47;5.53;6263;100;72.39;32.97
191203_J00146_0133_AHFV2HBBXY;8;default;Undetermined;unknown;12823925;4.52;100;NaN;3873;6.04;73.18;33.24